{"cameraMode":{"drawMode":0,"name":"Shaded","section":"Shading Mode"},"sceneLighting":false,"audioPlay":false,"sceneViewState":{"showFog":false,"showMaterialUpdate":false,"showSkybox":false,"showFlares":false,"showImageEffects":false,"showParticleSystems":false},"in2DMode":false,"pivot":{"x":1.3199900388717652,"y":0.020979557186365129,"z":-0.7058576941490173},"rotation":{"x":0.06049215421080589,"y":-0.3445274829864502,"z":0.022252898663282396,"w":0.9365615248680115},"size":1.4660253524780274,"orthographic":false}