{"cameraMode":{"drawMode":0,"name":"Shaded","section":"Shading Mode"},"sceneLighting":false,"audioPlay":false,"sceneViewState":{"showFog":false,"showMaterialUpdate":false,"showSkybox":false,"showFlares":false,"showImageEffects":false,"showParticleSystems":false},"in2DMode":false,"pivot":{"x":3.904569387435913,"y":0.5729467868804932,"z":11.532405853271485},"rotation":{"x":3.8094519538844909e-8,"y":-0.013499431312084198,"z":-5.9224845472272139e-8,"w":0.9999106526374817},"size":14.348577499389649,"orthographic":false}